,0
0,AK홀딩스
1,BNK금융지주
2,BYC
3,CJ
4,CJ CGV
5,CJ대한통운
6,CJ씨푸드
7,CJ제일제당
8,CS홀딩스
9,DB
10,DB금융투자
11,DB손해보험
12,DB하이텍
13,DGB금융지주
14,DRB동일
15,DSR
16,DSR제강
17,E1
18,F&F
19,GKL
20,GS
21,GS건설
22,GS글로벌
23,GS리테일
24,JB금융지주
25,JW중외제약
26,JW홀딩스
27,KB금융
28,KC그린홀딩스
29,KC코트렐
30,KEC
31,KG케미칼
32,KISCO홀딩스
33,KPX케미칼
34,KPX홀딩스
35,KR모터스
36,KSS해운
37,KTcs
38,LF
39,LG
40,LG디스플레이
41,LG생활건강
42,LG유플러스
43,LG이노텍
44,LG전자
45,LG화학
46,LS
47,LS네트웍스
48,MH에탄올
49,NAVER
50,NH투자증권
51,NICE
52,NI스틸
53,OCI
54,S-Oil
55,SBS
56,SG세계물산
57,SH에너지화학
58,SIMPAC
59,SK
60,SKC
61,SK가스
62,SK네트웍스
63,SK디스커버리
64,SK이노베이션
65,SK증권
66,SK텔레콤
67,SK하이닉스
68,SPC삼립
69,WISCOM
70,가온전선
71,강남제비스코
72,강원랜드
73,갤럭시아에스엠
74,경농
75,경동나비엔
76,경동인베스트
77,경방
78,경인양행
79,경인전자
80,계룡건설산업
81,계양전기
82,고려산업
83,고려아연
84,고려제강
85,광동제약
86,광명전기
87,광전자
88,광주신세계
89,교보증권
90,국도화학
91,국동
92,국보
93,국제약품
94,극동유화
95,금강공업
96,금비
97,금양
98,금호석유화학
99,금호전기
100,금호타이어
101,기신정기
102,기업은행
103,까뮤이앤씨
104,깨끗한나라
105,남선알미늄
106,남성
107,남양유업
108,남해화학
109,넥센
110,넥센타이어
111,노루페인트
112,노루홀딩스
113,녹십자
114,녹십자홀딩스
115,농심
116,농심홀딩스
117,다우기술
118,대교
119,대구백화점
120,대동전자
121,대림비앤코
122,대림통상
123,대상
124,대상홀딩스
125,대성산업
126,대성에너지
127,대성홀딩스
128,대신증권
129,대양금속
130,대영포장
131,대우건설
132,대우부품
133,대우조선해양
134,대웅
135,대웅제약
136,대원강업
137,대원전선
138,대원제약
139,대원화성
140,대유에이텍
141,대유플러스
142,대창
143,대창단조
144,대한방직
145,대한유화
146,대한전선
147,대한제강
148,대한제당
149,대한제분
150,대한항공
151,대한해운
152,대한화섬
153,대현
154,대호에이엘
155,더존비즈온
156,덕성
157,덕양산업
158,도화엔지니어링
159,동국제강
160,동남합성
161,동방
162,동방아그로
163,동성제약
164,동아쏘시오홀딩스
165,동아에스티
166,동아지질
167,동양고속
168,동양생명
169,동양철관
170,동원F&B
171,동원금속
172,동원산업
173,동원수산
174,동원시스템즈
175,동일고무벨트
176,동일산업
177,동화약품
178,두산
179,디씨엠
180,디아이
181,디아이씨
182,디와이
183,디티알오토모티브
184,락앤락
185,롯데관광개발
186,롯데손해보험
187,롯데쇼핑
188,롯데정밀화학
189,롯데지주
190,롯데칠성음료
191,롯데케미칼
192,롯데푸드
193,롯데하이마트
194,마니커
195,만호제강
196,메리츠금융지주
197,메리츠화재
198,명문제약
199,모나리자
200,모나미
201,모토닉
202,무림P&P
203,무림페이퍼
204,무학
205,문배철강
206,미래산업
207,미래아이앤지
208,미원상사
209,미원홀딩스
210,미원화학
211,미창석유공업
212,방림
213,백광산업
214,백산
215,범양건영
216,벽산
217,보락
218,보해양조
219,부광약품
220,부국증권
221,부국철강
222,부산산업
223,부산주공
224,비상교육
225,빙그레
226,사조대림
227,사조동아원
228,사조산업
229,사조씨푸드
230,사조오양
231,삼성SDI
232,삼성공조
233,삼성물산
234,삼성생명
235,삼성엔지니어링
236,삼성전기
237,삼성전자
238,삼성제약
239,삼성중공업
240,삼성증권
241,삼성출판사
242,삼성카드
243,삼성화재해상보험
244,삼아알미늄
245,삼양사
246,삼양식품
247,삼양통상
248,삼양홀딩스
249,삼영무역
250,삼영전자공업
251,삼영화학공업
252,삼원강재
253,삼익THK
254,삼익악기
255,삼일제약
256,삼정펄프
257,삼진제약
258,삼천리
259,삼호개발
260,삼화왕관
261,삼화전기
262,삼화전자공업
263,삼화콘덴서공업
264,삼화페인트공업
265,상신브레이크
266,새론오토모티브
267,샘표
268,서연
269,서울도시가스
270,서울식품공업
271,서원
272,서흥
273,선도전기
274,선진
275,성문전자
276,성보화학
277,성신양회
278,성안
279,성창기업지주
280,세기상사
281,세방
282,세방전지
283,세아제강
284,세아특수강
285,세아홀딩스
286,세우글로벌
287,세원정공
288,세이브존I&C
289,세종공업
290,세하
291,송원산업
292,수산중공업
293,신대양제지
294,신도리코
295,신라교역
296,신성이엔지
297,신성통상
298,신세계
299,신세계I&C
300,신세계건설
301,신세계인터내셔날
302,신세계푸드
303,신송홀딩스
304,신영와코루
305,신영증권
306,신원
307,신풍제약
308,신풍제지
309,신한지주
310,신흥
311,쌍방울
312,쌍용자동차
313,써니전자
314,씨아이테크
315,아남전자
316,아모레퍼시픽
317,아모레퍼시픽그룹
318,아세아
319,아세아시멘트
320,아세아제지
321,아시아나항공
322,아이마켓코리아
323,아이에스동서
324,아이에이치큐
325,알루코
326,에넥스
327,에스엘
328,에스원
329,에스제이엠
330,에스제이엠홀딩스
331,에쓰씨엔지니어링
332,에이블씨엔씨
333,에이엔피
334,에이프로젠제약
335,엔씨소프트
336,엔케이
337,엔피씨
338,영보화학
339,영원무역
340,영원무역홀딩스
341,영진약품
342,영풍
343,영풍제지
344,영화금속
345,오뚜기
346,오리엔트바이오
347,오리온홀딩스
348,우리종금
349,우신시스템
350,우진
351,우진플라임
352,웅진
353,웅진씽크빅
354,원림
355,윌비스
356,유나이티드
357,유니드
358,유니온
359,유니온머티리얼
360,유니퀘스트
361,유성기업
362,유수홀딩스
363,유안타증권
364,유엔젤
365,유유제약
366,유진증권
367,유한양행
368,유화증권
369,율촌화학
370,이건산업
371,이구산업
372,이마트
373,이수페타시스
374,이수화학
375,이스타코
376,이아이디
377,이연제약
378,이월드
379,이화산업
380,인디에프
381,인스코비
382,인지컨트롤스
383,인천도시가스
384,인터지스
385,인팩
386,일동홀딩스
387,일성건설
388,일성신약
389,일신방직
390,일신석재
391,일양약품
392,일정실업
393,일진다이아
394,일진디스플
395,일진머티리얼즈
396,일진전기
397,일진홀딩스
398,자화전자
399,전방
400,제일기획
401,제일연마
402,제일파마홀딩스
403,제주은행
404,조광페인트
405,조광피혁
406,조비
407,조선내화
408,조선선재
409,조일알미늄
410,조흥
411,종근당
412,종근당바이오
413,종근당홀딩스
414,주연테크
415,지엠비코리아
416,지역난방공사
417,지투알
418,진도
419,진양산업
420,진양폴리우레탄
421,진양홀딩스
422,진양화학
423,진원생명과학
424,진흥기업
425,참엔지니어링
426,천일고속
427,체시스
428,카프로
429,케이씨
430,케이씨씨
431,케이씨티시
432,케이티
433,케이티스카이라이프
434,케이티앤지
435,코리아써키트
436,코리안리
437,코스맥스비티아이
438,코스모신소재
439,코스모화학
440,코아스
441,코오롱
442,코오롱글로벌
443,코오롱인더
444,코오롱플라스틱
445,코웨이
446,콤텍시스템
447,크라운해태홀딩스
448,키움증권
449,태경산업
450,태광산업
451,태림포장
452,태양금속공업
453,태영건설
454,태원물산
455,태평양물산
456,텔코웨어
457,티비에이치글로벌
458,티에이치엔
459,티웨이홀딩스
460,파미셀
461,팜스코
462,퍼스텍
463,퍼시스
464,페이퍼코리아
465,평화산업
466,평화홀딩스
467,풀무원
468,풍산
469,풍산홀딩스
470,하나금융지주
471,하나투어
472,하이스틸
473,하이트론씨스템즈
474,하이트진로
475,하이트진로홀딩스
476,한국가스공사
477,한국공항
478,한국금융지주
479,한국내화
480,한국단자공업
481,한국석유공업
482,한국수출포장공업
483,한국쉘석유
484,한국전력공사
485,한국전자홀딩스
486,한국종합기술
487,한국주강
488,한국주철관공업
489,한국철강
490,한국카본
491,한국콜마
492,한국콜마홀딩스
493,한국프랜지공업
494,한국항공우주
495,한국화장품
496,한국화장품제조
497,한농화성
498,한독
499,한라
500,한라홀딩스
501,한미글로벌
502,한미반도체
503,한미사이언스
504,한미약품
505,한샘
506,한섬
507,한성기업
508,한세실업
509,한세엠케이
510,한세예스24홀딩스
511,한솔로지스틱스
512,한솔케미칼
513,한솔테크닉스
514,한솔피엔에스
515,한솔홀딩스
516,한솔홈데코
517,한신공영
518,한신기계공업
519,한양증권
520,한온시스템
521,한올바이오파마
522,한익스프레스
523,한일시멘트
524,한일철강
525,한전KPS
526,한전기술
527,한전산업
528,한진
529,한진중공업홀딩스
530,한진칼
531,한창
532,한창제지
533,한화
534,한화생명
535,한화손해보험
536,한화투자증권
537,현대건설
538,현대그린푸드
539,현대글로비스
540,현대로템
541,현대리바트
542,현대모비스
543,현대미포조선
544,현대백화점
545,현대비앤지스틸
546,현대약품
547,현대엘리베이터
548,현대위아
549,현대자동차
550,현대제철
551,현대해상
552,현대홈쇼핑
553,형지엘리트
554,혜인
555,호텔신라
556,화성산업
557,화승인더스트리
558,화신
559,화천기계
560,화천기공
561,환인제약
562,황금에스티
563,효성
564,효성 ITX
565,후성
